customer_id,name,email,country
1,Brandon Russell,grayanna@christian-moore.com,RU
2,Mia Martin,johnsnicholas@gmail.com,IN
3,Jerome Whitehead,davidknox@pruitt-berry.com,RU
4,Andrew Torres,lorifowler@hotmail.com,Brasil
5,Emily Sanders,ameyer@yahoo.com,RU
6,Sarah Brewer,kbarrett@rogers-myers.com,Brasil
7,Jasmine Osborne,brendadecker@smith-bell.com,Germany
8,Jonathan Holloway,victoria38@hooper-hernandez.net,IN
9,Paul Williams,paulwilliams,India
10,Corey Scott,stephanie60@gmail.com,Brasil
11,Katrina Mann,ymerritt@bennett.com,United States
12,Mrs. Kaitlyn Potter,obailey@hotmail.com,RUS
13,Stacey Barnes,elizabeth10@hughes.com,USA
14,Jean Martinez,sotoleah@yahoo.com,Russia
15,Patrick Gibson,shannon74@moody-johnson.net,IN
16,Jose Hawkins,gardnermiguel@hotmail.com,FR
17,Dillon Hunter,joseph08@blanchard.com,RU
18,Stephanie Smith,christopherstewart@yahoo.com,Brasil
19,Brandi Zamora,zvasquez@scott.info,CN
20,Thomas Pittman,thomaspittman,Brasil
21,Lisa Smith,heather10@yahoo.com,IN
22,Heidi Caldwell,michael75@gmail.com,CN
23,Catherine Rowland,qbennett@gates.com,IN
24,Edward Odonnell,raymondbrett@yahoo.com,RU
25,John Cannon,deborahadams@yahoo.com,U.S.
26,Hailey Rush,matthew02@gmail.com,RUS
27,Matthew Gross,ruizamber@yahoo.com,FR
28,Stephanie Walker,mgordon@thornton-santana.com,Brasil
29,James Watts,justin65@williams-smith.com,RUS
30,Derrick Martin,vincent73@rose-garcia.org,India
31,Diana Lee,dianalee,Brasil
32,Andrea Ayers,krodriguez@yahoo.com,RUS
33,Jessica Kelly,jessicakelly,BR
34,Cory Lewis II,reneejones@smith.com,BR
35,Amanda David,sara41@yahoo.com,India
36,Samantha Lewis,kristi73@walker-bates.biz,RU
37,Colin Jones,mitchellthomas@hotmail.com,CN
38,Beth Stevens,wallacemichael@yahoo.com,Germany
39,Timothy Rodriguez,jill36@barnes.com,U.S.
40,Abigail Mccormick,antonio23@jordan-harris.biz,China
